<?xml version="1.0" encoding="UTF-8" standalone="yes"?>
<addon id="plugin.video.DaveyClan" name="DaveyClan" version="1.0.0" provider-name="DaveyClan">
    <extension point="xbmc.addon.repository" name="Davey-clan.github.io">
        <dir>
            <info compressed="false">https://raw.githubusercontent.com/DaveyClan/Davey-clan.github.io/main/repo/zips/addons.xml</info>
            <checksum>https://raw.githubusercontent.com/DaveyClan/Davey-clan.github.io/main/repo/zips/addons.xml.md5</checksum>
            <datadir zip="true">https://raw.githubusercontent.com/DaveyClan/Davey-clan.github.io/main/repo/zips/</datadir>
        </dir>
    </extension>
    <extension point="xbmc.addon.metadata">
        <summary>Davey-clan.github.io</summary>
        <description></description>
        <disclaimer></disclaimer>
        <platform>all</platform>
        <assets>
            <icon>icon.png</icon>
            <fanart>fanart.jpg</fanart>
        </assets>
    </extension>
</addon>
