<addon id="plugin.program.daveyclanwizard" name="[COLORred]DaveyClan Wizard[/COLOR]" version="1.0.1" provider-name="DaveyClan">
	<requires>
		<import addon="xbmc.python" version="3.0.0"/>
	</requires>
	<extension point="xbmc.python.pluginsource" library="addon.py">
		<provides>executable</provides>
    <extension point="xbmc.python.script"
               library="default.py">
        <provides>executable</provides>
    </extension>

    <extension point="xbmc.addon.metadata">
        <summary>Davey Clan Wizard</summary>
        <description>Installs the Davey Clan Kodi build</description>
        <platform>all</platform>
    </extension>

</addon>
